,mean,mean,median,median,count,count
prefarea,0,1,0,1,0,1
Non,3.956654865771812,5.126804666666667,3.703,5.04,298,75
Oui,5.598877647058823,6.943537735849056,5.25,6.615,119,53
